# ************************************************************
# Sequel Pro SQL dump
# Version 4499
#
# http://www.sequelpro.com/
# https://github.com/sequelpro/sequelpro
#
# Host: shop.c2g7heuzpzpp.eu-west-1.rds.amazonaws.com (MySQL 5.6.23-log)
# Database: shop
# Generation Time: 2015-11-25 10:58:53 +0000
# ************************************************************


/*!40101 SET @OLD_CHARACTER_SET_CLIENT=@@CHARACTER_SET_CLIENT */;
/*!40101 SET @OLD_CHARACTER_SET_RESULTS=@@CHARACTER_SET_RESULTS */;
/*!40101 SET @OLD_COLLATION_CONNECTION=@@COLLATION_CONNECTION */;
/*!40101 SET NAMES utf8 */;
/*!40014 SET @OLD_FOREIGN_KEY_CHECKS=@@FOREIGN_KEY_CHECKS, FOREIGN_KEY_CHECKS=0 */;
/*!40101 SET @OLD_SQL_MODE=@@SQL_MODE, SQL_MODE='NO_AUTO_VALUE_ON_ZERO' */;
/*!40111 SET @OLD_SQL_NOTES=@@SQL_NOTES, SQL_NOTES=0 */;


# Dump of table address
# ------------------------------------------------------------

DROP TABLE IF EXISTS `address`;

CREATE TABLE `address` (
  `id` int(11) unsigned NOT NULL,
  `user_id` int(11) unsigned NOT NULL,
  `supplier_id` int(11) unsigned NOT NULL,
  `organisation` varchar(60) DEFAULT NULL,
  `address_line_1` varchar(50) NOT NULL,
  `address_line_2` varchar(60) DEFAULT NULL,
  `town` varchar(35) NOT NULL,
  `county` varchar(20) NOT NULL,
  `post_code` varchar(8) NOT NULL DEFAULT '',
  `country` varchar(50) NOT NULL,
  `date_created` datetime NOT NULL DEFAULT CURRENT_TIMESTAMP,
  `date_last_updated` datetime DEFAULT CURRENT_TIMESTAMP,
  `default` tinyint(1) NOT NULL DEFAULT '0',
  PRIMARY KEY (`id`)
) ENGINE=InnoDB DEFAULT CHARSET=utf8;

LOCK TABLES `address` WRITE;
/*!40000 ALTER TABLE `address` DISABLE KEYS */;

INSERT INTO `address` (`id`, `user_id`, `supplier_id`, `organisation`, `address_line_1`, `address_line_2`, `town`, `county`, `post_code`, `country`, `date_created`, `date_last_updated`, `default`)
VALUES
	(0,1,0,NULL,'54 Fake Street','Fakington','Fake','Bogus','FA2 4KE','U.K','2015-11-24 15:45:58','2015-11-24 15:45:58',1),
	(1,2,0,NULL,'33 Not really','Spoof data','data','fake','fa2 4ye','U.K','2015-11-24 16:23:49','2015-11-24 16:23:49',1);

/*!40000 ALTER TABLE `address` ENABLE KEYS */;
UNLOCK TABLES;


# Dump of table order
# ------------------------------------------------------------

DROP TABLE IF EXISTS `order`;

CREATE TABLE `order` (
  `id` int(11) unsigned NOT NULL AUTO_INCREMENT,
  `user_id` int(11) unsigned NOT NULL,
  `status` varchar(100) NOT NULL,
  `order_date` datetime NOT NULL DEFAULT CURRENT_TIMESTAMP,
  `retail_price` decimal(20,2) NOT NULL,
  `order_total` decimal(20,2) NOT NULL,
  PRIMARY KEY (`id`)
) ENGINE=InnoDB DEFAULT CHARSET=utf8;

LOCK TABLES `order` WRITE;
/*!40000 ALTER TABLE `order` DISABLE KEYS */;

INSERT INTO `order` (`id`, `user_id`, `status`, `order_date`, `retail_price`, `order_total`)
VALUES
	(1,1,'out for delivery','2015-11-24 15:49:11',156.00,156.00),
	(2,2,'packing in the warehouse','2015-11-24 16:19:13',229.00,229.00);

/*!40000 ALTER TABLE `order` ENABLE KEYS */;
UNLOCK TABLES;


# Dump of table order_item
# ------------------------------------------------------------

DROP TABLE IF EXISTS `order_item`;

CREATE TABLE `order_item` (
  `id` int(11) unsigned NOT NULL AUTO_INCREMENT,
  `order_id` int(11) unsigned NOT NULL,
  `product_id` int(11) unsigned NOT NULL,
  `quantity` int(11) NOT NULL,
  `discount` int(11) DEFAULT NULL,
  `price_per_item` int(11) DEFAULT NULL,
  `item_total` int(11) DEFAULT NULL,
  PRIMARY KEY (`id`)
) ENGINE=InnoDB DEFAULT CHARSET=utf8;

LOCK TABLES `order_item` WRITE;
/*!40000 ALTER TABLE `order_item` DISABLE KEYS */;

INSERT INTO `order_item` (`id`, `order_id`, `product_id`, `quantity`, `discount`, `price_per_item`, `item_total`)
VALUES
	(1,1,1,1,20,80,80),
	(2,1,6,1,NULL,76,76),
	(3,2,3,1,31,77,77),
	(4,2,1,1,NULL,80,80),
	(5,2,5,1,NULL,72,72);

/*!40000 ALTER TABLE `order_item` ENABLE KEYS */;
UNLOCK TABLES;


# Dump of table payment
# ------------------------------------------------------------

DROP TABLE IF EXISTS `payment`;

CREATE TABLE `payment` (
  `id` int(11) unsigned NOT NULL AUTO_INCREMENT,
  `user_id` int(11) unsigned NOT NULL,
  `order_id` int(11) unsigned NOT NULL,
  `bank_name` varchar(50) DEFAULT NULL,
  `name_on_card` varchar(50) NOT NULL,
  `credit_card_number` char(4) NOT NULL,
  `payment_method` enum('paypal','card','nutz','voucher','soul','groupon') NOT NULL DEFAULT 'nutz',
  `start_date` char(7) NOT NULL,
  `expiry_date` char(7) NOT NULL,
  `security_code` char(3) NOT NULL,
  `sort_code` char(8) NOT NULL,
  PRIMARY KEY (`id`)
) ENGINE=InnoDB DEFAULT CHARSET=latin1;

LOCK TABLES `payment` WRITE;
/*!40000 ALTER TABLE `payment` DISABLE KEYS */;

INSERT INTO `payment` (`id`, `user_id`, `order_id`, `bank_name`, `name_on_card`, `credit_card_number`, `payment_method`, `start_date`, `expiry_date`, `security_code`, `sort_code`)
VALUES
	(1,1,1,'Natwest','MR JELLY BABY','4567','nutz','08/12','08/18','392','60-12-45'),
	(2,2,2,'LLoyds','MR MARY SCARY','9998','soul','07/13','09/19','696','60-15-78');

/*!40000 ALTER TABLE `payment` ENABLE KEYS */;
UNLOCK TABLES;


# Dump of table product
# ------------------------------------------------------------

DROP TABLE IF EXISTS `product`;

CREATE TABLE `product` (
  `id` int(11) unsigned NOT NULL AUTO_INCREMENT,
  `cost_price` decimal(7,2) unsigned NOT NULL,
  `retail_price` decimal(7,2) unsigned NOT NULL,
  `discount_price` decimal(7,2) unsigned NOT NULL,
  `stock_level` int(11) NOT NULL,
  `description` varchar(500) DEFAULT NULL,
  `name` varchar(100) NOT NULL,
  `vat_rate` decimal(4,2) unsigned NOT NULL DEFAULT '20.00',
  `image` blob,
  `size` varchar(10) DEFAULT NULL,
  `category` varchar(50) NOT NULL DEFAULT '',
  `weight_grams` int(7) unsigned DEFAULT NULL,
  `height_cm` int(7) unsigned DEFAULT NULL,
  `width_cm` int(7) unsigned DEFAULT NULL,
  `length_cm` int(7) unsigned DEFAULT NULL,
  PRIMARY KEY (`id`)
) ENGINE=InnoDB DEFAULT CHARSET=utf8;

LOCK TABLES `product` WRITE;
/*!40000 ALTER TABLE `product` DISABLE KEYS */;

INSERT INTO `product` (`id`, `cost_price`, `retail_price`, `discount_price`, `stock_level`, `description`, `name`, `vat_rate`, `image`, `size`, `category`, `weight_grams`, `height_cm`, `width_cm`, `length_cm`)
VALUES
	(1,50.00,100.00,80.00,87,'small squirrel pants for the modern squirrel','snazzy squirrel pants (S)',20.00,X'89504E470D0A1A0A0000000D494844520000002000000020080300000044A48AC600000300504C5445010000FFFFCCFFFF99FFFF66FFFF33FFFF00FFCCFFFFCCCCFFCC99FFCC66FFCC33FFCC00FF99FFFF99CCFF9999FF9966FF9933FF9900FF66FFFF66CCFF6699FF6666FF6633FF6600FF33FFFF33CCFF3399FF3366FF3333FF3300FF00FFFF00CCFF0099FF0066FF0033FF0000CCFFFFCCFFCCCCFF99CCFF66CCFF33CCFF00CCCCFFCCCCCCCCCC99CCCC66CCCC33CCCC00CC99FFCC99CCCC9999CC9966CC9933CC9900CC66FFCC66CCCC6699CC6666CC6633CC6600CC33FFCC33CCCC3399CC3366CC3333CC3300CC00FFCC00CCCC0099CC0066CC0033CC000099FFFF99FFCC99FF9999FF6699FF3399FF0099CCFF99CCCC99CC9999CC6699CC3399CC009999FF9999CC9999999999669999339999009966FF9966CC9966999966669966339966009933FF9933CC9933999933669933339933009900FF9900CC99009999006699003399000066FFFF66FFCC66FF9966FF6666FF3366FF0066CCFF66CCCC66CC9966CC6666CC3366CC006699FF6699CC6699996699666699336699006666FF6666CC6666996666666666336666006633FF6633CC6633996633666633336633006600FF6600CC66009966006666003366000033FFFF33FFCC33FF9933FF6633FF3333FF0033CCFF33CCCC33CC9933CC6633CC3333CC003399FF3399CC3399993399663399333399003366FF3366CC3366993366663366333366003333FF3333CC3333993333663333333333003300FF3300CC33009933006633003333000000FFFF00FFCC00FF9900FF6600FF3300FF0000CCFF00CCCC00CC9900CC6600CC3300CC000099FF0099CC0099990099660099330099000066FF0066CC0066990066660066330066000033FF0033CC0033990033660033330033000000FF0000CC000099000066000033EE0000DD0000BB0000AA000088000077000055000044000022000011000000EE0000DD0000BB0000AA000088000077000055000044000022000011000000EE0000DD0000BB0000AA000088000077000055000044000022000011EEEEEEDDDDDDBBBBBBAAAAAA888888777777555555444444222222111111000000573804CA0000000174524E530040E6D866000001A94944415478DA85933D52C24014C7FFDB81D7A0DB07852270094B8214C6A1F00C8E190BC6B18833CE78020B66A818A81C2E60CB47056FBB70026B449BF836242140D400B36C7EBFBC8FCDAEC23F97CAFC0FD359B8032ACB9369883C21CC8F9D2FD49CDB2341F8D8681868F98EF4911071582EBF66AE3036466F393BD017074288F659C487EFF522C9303D126ACE5080BE7B82E71ACC1709526902E1D07D77F63C30F350557B4782CDDF772F81EE6C523FE769CC54DC42A7697B98BBBA329032AE0D536F4FA83952BEE1EE8837806BDBE5E94E104E4D7F59FE266DBBB497615E678513EAFACB7BDB46F430D3E7AA54D886D80A95801CFD0010583EF8A84F80C6222394572D893E12B6296C0A9F726FD2C09EA0AAFAEB1423804912C8806C0A6B94C9F31194BC1B99EAA88CB8CF44502D1180E0157891424B6F848C60CB6C79F0E1A55BC60FE295488436488C54F079B9C27A275883A21CF06C1CE1C811E441D82C3E433861BA273CC2BB22695202D9C5A242FCBA7602C7E989ED6A20B06D084E8AECC8122E89CBC90913BE0D910A5C92C1A6806C7E148103A12668231B8715627E20FC7AB6FF1684FE002A8DCF21922988B90000000049454E44AE426082','small','christmas',340,2,24,48),
	(2,52.00,104.00,78.00,67,'medium squirrel pants for the modern squirrel','snazzy squirrel pants (M)',20.00,X'89504E470D0A1A0A0000000D494844520000002000000020080300000044A48AC600000300504C5445010000FFFFCCFFFF99FFFF66FFFF33FFFF00FFCCFFFFCCCCFFCC99FFCC66FFCC33FFCC00FF99FFFF99CCFF9999FF9966FF9933FF9900FF66FFFF66CCFF6699FF6666FF6633FF6600FF33FFFF33CCFF3399FF3366FF3333FF3300FF00FFFF00CCFF0099FF0066FF0033FF0000CCFFFFCCFFCCCCFF99CCFF66CCFF33CCFF00CCCCFFCCCCCCCCCC99CCCC66CCCC33CCCC00CC99FFCC99CCCC9999CC9966CC9933CC9900CC66FFCC66CCCC6699CC6666CC6633CC6600CC33FFCC33CCCC3399CC3366CC3333CC3300CC00FFCC00CCCC0099CC0066CC0033CC000099FFFF99FFCC99FF9999FF6699FF3399FF0099CCFF99CCCC99CC9999CC6699CC3399CC009999FF9999CC9999999999669999339999009966FF9966CC9966999966669966339966009933FF9933CC9933999933669933339933009900FF9900CC99009999006699003399000066FFFF66FFCC66FF9966FF6666FF3366FF0066CCFF66CCCC66CC9966CC6666CC3366CC006699FF6699CC6699996699666699336699006666FF6666CC6666996666666666336666006633FF6633CC6633996633666633336633006600FF6600CC66009966006666003366000033FFFF33FFCC33FF9933FF6633FF3333FF0033CCFF33CCCC33CC9933CC6633CC3333CC003399FF3399CC3399993399663399333399003366FF3366CC3366993366663366333366003333FF3333CC3333993333663333333333003300FF3300CC33009933006633003333000000FFFF00FFCC00FF9900FF6600FF3300FF0000CCFF00CCCC00CC9900CC6600CC3300CC000099FF0099CC0099990099660099330099000066FF0066CC0066990066660066330066000033FF0033CC0033990033660033330033000000FF0000CC000099000066000033EE0000DD0000BB0000AA000088000077000055000044000022000011000000EE0000DD0000BB0000AA000088000077000055000044000022000011000000EE0000DD0000BB0000AA000088000077000055000044000022000011EEEEEEDDDDDDBBBBBBAAAAAA888888777777555555444444222222111111000000573804CA0000000174524E530040E6D866000001A94944415478DA85933D52C24014C7FFDB81D7A0DB07852270094B8214C6A1F00C8E190BC6B18833CE78020B66A818A81C2E60CB47056FBB70026B449BF836242140D400B36C7EBFBC8FCDAEC23F97CAFC0FD359B8032ACB9369883C21CC8F9D2FD49CDB2341F8D8681868F98EF4911071582EBF66AE3036466F393BD017074288F659C487EFF522C9303D126ACE5080BE7B82E71ACC1709526902E1D07D77F63C30F350557B4782CDDF772F81EE6C523FE769CC54DC42A7697B98BBBA329032AE0D536F4FA83952BEE1EE8837806BDBE5E94E104E4D7F59FE266DBBB497615E678513EAFACB7BDB46F430D3E7AA54D886D80A95801CFD0010583EF8A84F80C6222394572D893E12B6296C0A9F726FD2C09EA0AAFAEB1423804912C8806C0A6B94C9F31194BC1B99EAA88CB8CF44502D1180E0157891424B6F848C60CB6C79F0E1A55BC60FE295488436488C54F079B9C27A275883A21CF06C1CE1C811E441D82C3E433861BA273CC2BB22695202D9C5A242FCBA7602C7E989ED6A20B06D084E8AECC8122E89CBC90913BE0D910A5C92C1A6806C7E148103A12668231B8715627E20FC7AB6FF1684FE002A8DCF21922988B90000000049454E44AE426082','medium','christmas',440,4,30,56),
	(3,54.00,108.00,77.00,88,'large squirrel pants for the modern squirrel','snazzy squirrel pants (L)',20.00,X'89504E470D0A1A0A0000000D494844520000002000000020080300000044A48AC600000300504C5445010000FFFFCCFFFF99FFFF66FFFF33FFFF00FFCCFFFFCCCCFFCC99FFCC66FFCC33FFCC00FF99FFFF99CCFF9999FF9966FF9933FF9900FF66FFFF66CCFF6699FF6666FF6633FF6600FF33FFFF33CCFF3399FF3366FF3333FF3300FF00FFFF00CCFF0099FF0066FF0033FF0000CCFFFFCCFFCCCCFF99CCFF66CCFF33CCFF00CCCCFFCCCCCCCCCC99CCCC66CCCC33CCCC00CC99FFCC99CCCC9999CC9966CC9933CC9900CC66FFCC66CCCC6699CC6666CC6633CC6600CC33FFCC33CCCC3399CC3366CC3333CC3300CC00FFCC00CCCC0099CC0066CC0033CC000099FFFF99FFCC99FF9999FF6699FF3399FF0099CCFF99CCCC99CC9999CC6699CC3399CC009999FF9999CC9999999999669999339999009966FF9966CC9966999966669966339966009933FF9933CC9933999933669933339933009900FF9900CC99009999006699003399000066FFFF66FFCC66FF9966FF6666FF3366FF0066CCFF66CCCC66CC9966CC6666CC3366CC006699FF6699CC6699996699666699336699006666FF6666CC6666996666666666336666006633FF6633CC6633996633666633336633006600FF6600CC66009966006666003366000033FFFF33FFCC33FF9933FF6633FF3333FF0033CCFF33CCCC33CC9933CC6633CC3333CC003399FF3399CC3399993399663399333399003366FF3366CC3366993366663366333366003333FF3333CC3333993333663333333333003300FF3300CC33009933006633003333000000FFFF00FFCC00FF9900FF6600FF3300FF0000CCFF00CCCC00CC9900CC6600CC3300CC000099FF0099CC0099990099660099330099000066FF0066CC0066990066660066330066000033FF0033CC0033990033660033330033000000FF0000CC000099000066000033EE0000DD0000BB0000AA000088000077000055000044000022000011000000EE0000DD0000BB0000AA000088000077000055000044000022000011000000EE0000DD0000BB0000AA000088000077000055000044000022000011EEEEEEDDDDDDBBBBBBAAAAAA888888777777555555444444222222111111000000573804CA0000000174524E530040E6D866000001A94944415478DA85933D52C24014C7FFDB81D7A0DB07852270094B8214C6A1F00C8E190BC6B18833CE78020B66A818A81C2E60CB47056FBB70026B449BF836242140D400B36C7EBFBC8FCDAEC23F97CAFC0FD359B8032ACB9369883C21CC8F9D2FD49CDB2341F8D8681868F98EF4911071582EBF66AE3036466F393BD017074288F659C487EFF522C9303D126ACE5080BE7B82E71ACC1709526902E1D07D77F63C30F350557B4782CDDF772F81EE6C523FE769CC54DC42A7697B98BBBA329032AE0D536F4FA83952BEE1EE8837806BDBE5E94E104E4D7F59FE266DBBB497615E678513EAFACB7BDB46F430D3E7AA54D886D80A95801CFD0010583EF8A84F80C6222394572D893E12B6296C0A9F726FD2C09EA0AAFAEB1423804912C8806C0A6B94C9F31194BC1B99EAA88CB8CF44502D1180E0157891424B6F848C60CB6C79F0E1A55BC60FE295488436488C54F079B9C27A275883A21CF06C1CE1C811E441D82C3E433861BA273CC2BB22695202D9C5A242FCBA7602C7E989ED6A20B06D084E8AECC8122E89CBC90913BE0D910A5C92C1A6806C7E148103A12668231B8715627E20FC7AB6FF1684FE002A8DCF21922988B90000000049454E44AE426082','large','christmas',540,6,36,66),
	(4,34.00,68.00,0.00,57,'small fluffy squirrel pants','fluffy squirrel pants (S)',20.00,X'89504E470D0A1A0A0000000D494844520000002000000020080300000044A48AC600000300504C5445010000FFFFCCFFFF99FFFF66FFFF33FFFF00FFCCFFFFCCCCFFCC99FFCC66FFCC33FFCC00FF99FFFF99CCFF9999FF9966FF9933FF9900FF66FFFF66CCFF6699FF6666FF6633FF6600FF33FFFF33CCFF3399FF3366FF3333FF3300FF00FFFF00CCFF0099FF0066FF0033FF0000CCFFFFCCFFCCCCFF99CCFF66CCFF33CCFF00CCCCFFCCCCCCCCCC99CCCC66CCCC33CCCC00CC99FFCC99CCCC9999CC9966CC9933CC9900CC66FFCC66CCCC6699CC6666CC6633CC6600CC33FFCC33CCCC3399CC3366CC3333CC3300CC00FFCC00CCCC0099CC0066CC0033CC000099FFFF99FFCC99FF9999FF6699FF3399FF0099CCFF99CCCC99CC9999CC6699CC3399CC009999FF9999CC9999999999669999339999009966FF9966CC9966999966669966339966009933FF9933CC9933999933669933339933009900FF9900CC99009999006699003399000066FFFF66FFCC66FF9966FF6666FF3366FF0066CCFF66CCCC66CC9966CC6666CC3366CC006699FF6699CC6699996699666699336699006666FF6666CC6666996666666666336666006633FF6633CC6633996633666633336633006600FF6600CC66009966006666003366000033FFFF33FFCC33FF9933FF6633FF3333FF0033CCFF33CCCC33CC9933CC6633CC3333CC003399FF3399CC3399993399663399333399003366FF3366CC3366993366663366333366003333FF3333CC3333993333663333333333003300FF3300CC33009933006633003333000000FFFF00FFCC00FF9900FF6600FF3300FF0000CCFF00CCCC00CC9900CC6600CC3300CC000099FF0099CC0099990099660099330099000066FF0066CC0066990066660066330066000033FF0033CC0033990033660033330033000000FF0000CC000099000066000033EE0000DD0000BB0000AA000088000077000055000044000022000011000000EE0000DD0000BB0000AA000088000077000055000044000022000011000000EE0000DD0000BB0000AA000088000077000055000044000022000011EEEEEEDDDDDDBBBBBBAAAAAA888888777777555555444444222222111111000000573804CA0000000174524E530040E6D866000001A94944415478DA85933D52C24014C7FFDB81D7A0DB07852270094B8214C6A1F00C8E190BC6B18833CE78020B66A818A81C2E60CB47056FBB70026B449BF836242140D400B36C7EBFBC8FCDAEC23F97CAFC0FD359B8032ACB9369883C21CC8F9D2FD49CDB2341F8D8681868F98EF4911071582EBF66AE3036466F393BD017074288F659C487EFF522C9303D126ACE5080BE7B82E71ACC1709526902E1D07D77F63C30F350557B4782CDDF772F81EE6C523FE769CC54DC42A7697B98BBBA329032AE0D536F4FA83952BEE1EE8837806BDBE5E94E104E4D7F59FE266DBBB497615E678513EAFACB7BDB46F430D3E7AA54D886D80A95801CFD0010583EF8A84F80C6222394572D893E12B6296C0A9F726FD2C09EA0AAFAEB1423804912C8806C0A6B94C9F31194BC1B99EAA88CB8CF44502D1180E0157891424B6F848C60CB6C79F0E1A55BC60FE295488436488C54F079B9C27A275883A21CF06C1CE1C811E441D82C3E433861BA273CC2BB22695202D9C5A242FCBA7602C7E989ED6A20B06D084E8AECC8122E89CBC90913BE0D910A5C92C1A6806C7E148103A12668231B8715627E20FC7AB6FF1684FE002A8DCF21922988B90000000049454E44AE426082','small','spring',342,2,24,48),
	(5,36.00,72.00,0.00,55,'medium fluffy squirrel pants','fluffy squirrel pants (M)',20.00,X'89504E470D0A1A0A0000000D494844520000002000000020080300000044A48AC600000300504C5445010000FFFFCCFFFF99FFFF66FFFF33FFFF00FFCCFFFFCCCCFFCC99FFCC66FFCC33FFCC00FF99FFFF99CCFF9999FF9966FF9933FF9900FF66FFFF66CCFF6699FF6666FF6633FF6600FF33FFFF33CCFF3399FF3366FF3333FF3300FF00FFFF00CCFF0099FF0066FF0033FF0000CCFFFFCCFFCCCCFF99CCFF66CCFF33CCFF00CCCCFFCCCCCCCCCC99CCCC66CCCC33CCCC00CC99FFCC99CCCC9999CC9966CC9933CC9900CC66FFCC66CCCC6699CC6666CC6633CC6600CC33FFCC33CCCC3399CC3366CC3333CC3300CC00FFCC00CCCC0099CC0066CC0033CC000099FFFF99FFCC99FF9999FF6699FF3399FF0099CCFF99CCCC99CC9999CC6699CC3399CC009999FF9999CC9999999999669999339999009966FF9966CC9966999966669966339966009933FF9933CC9933999933669933339933009900FF9900CC99009999006699003399000066FFFF66FFCC66FF9966FF6666FF3366FF0066CCFF66CCCC66CC9966CC6666CC3366CC006699FF6699CC6699996699666699336699006666FF6666CC6666996666666666336666006633FF6633CC6633996633666633336633006600FF6600CC66009966006666003366000033FFFF33FFCC33FF9933FF6633FF3333FF0033CCFF33CCCC33CC9933CC6633CC3333CC003399FF3399CC3399993399663399333399003366FF3366CC3366993366663366333366003333FF3333CC3333993333663333333333003300FF3300CC33009933006633003333000000FFFF00FFCC00FF9900FF6600FF3300FF0000CCFF00CCCC00CC9900CC6600CC3300CC000099FF0099CC0099990099660099330099000066FF0066CC0066990066660066330066000033FF0033CC0033990033660033330033000000FF0000CC000099000066000033EE0000DD0000BB0000AA000088000077000055000044000022000011000000EE0000DD0000BB0000AA000088000077000055000044000022000011000000EE0000DD0000BB0000AA000088000077000055000044000022000011EEEEEEDDDDDDBBBBBBAAAAAA888888777777555555444444222222111111000000573804CA0000000174524E530040E6D866000001A94944415478DA85933D52C24014C7FFDB81D7A0DB07852270094B8214C6A1F00C8E190BC6B18833CE78020B66A818A81C2E60CB47056FBB70026B449BF836242140D400B36C7EBFBC8FCDAEC23F97CAFC0FD359B8032ACB9369883C21CC8F9D2FD49CDB2341F8D8681868F98EF4911071582EBF66AE3036466F393BD017074288F659C487EFF522C9303D126ACE5080BE7B82E71ACC1709526902E1D07D77F63C30F350557B4782CDDF772F81EE6C523FE769CC54DC42A7697B98BBBA329032AE0D536F4FA83952BEE1EE8837806BDBE5E94E104E4D7F59FE266DBBB497615E678513EAFACB7BDB46F430D3E7AA54D886D80A95801CFD0010583EF8A84F80C6222394572D893E12B6296C0A9F726FD2C09EA0AAFAEB1423804912C8806C0A6B94C9F31194BC1B99EAA88CB8CF44502D1180E0157891424B6F848C60CB6C79F0E1A55BC60FE295488436488C54F079B9C27A275883A21CF06C1CE1C811E441D82C3E433861BA273CC2BB22695202D9C5A242FCBA7602C7E989ED6A20B06D084E8AECC8122E89CBC90913BE0D910A5C92C1A6806C7E148103A12668231B8715627E20FC7AB6FF1684FE002A8DCF21922988B90000000049454E44AE426082','medium','spring',348,4,26,56),
	(6,38.00,76.00,0.00,99,'large fluffy squirrel pants','fluffy squirrel pants (L)',20.00,X'89504E470D0A1A0A0000000D494844520000002000000020080300000044A48AC600000300504C5445010000FFFFCCFFFF99FFFF66FFFF33FFFF00FFCCFFFFCCCCFFCC99FFCC66FFCC33FFCC00FF99FFFF99CCFF9999FF9966FF9933FF9900FF66FFFF66CCFF6699FF6666FF6633FF6600FF33FFFF33CCFF3399FF3366FF3333FF3300FF00FFFF00CCFF0099FF0066FF0033FF0000CCFFFFCCFFCCCCFF99CCFF66CCFF33CCFF00CCCCFFCCCCCCCCCC99CCCC66CCCC33CCCC00CC99FFCC99CCCC9999CC9966CC9933CC9900CC66FFCC66CCCC6699CC6666CC6633CC6600CC33FFCC33CCCC3399CC3366CC3333CC3300CC00FFCC00CCCC0099CC0066CC0033CC000099FFFF99FFCC99FF9999FF6699FF3399FF0099CCFF99CCCC99CC9999CC6699CC3399CC009999FF9999CC9999999999669999339999009966FF9966CC9966999966669966339966009933FF9933CC9933999933669933339933009900FF9900CC99009999006699003399000066FFFF66FFCC66FF9966FF6666FF3366FF0066CCFF66CCCC66CC9966CC6666CC3366CC006699FF6699CC6699996699666699336699006666FF6666CC6666996666666666336666006633FF6633CC6633996633666633336633006600FF6600CC66009966006666003366000033FFFF33FFCC33FF9933FF6633FF3333FF0033CCFF33CCCC33CC9933CC6633CC3333CC003399FF3399CC3399993399663399333399003366FF3366CC3366993366663366333366003333FF3333CC3333993333663333333333003300FF3300CC33009933006633003333000000FFFF00FFCC00FF9900FF6600FF3300FF0000CCFF00CCCC00CC9900CC6600CC3300CC000099FF0099CC0099990099660099330099000066FF0066CC0066990066660066330066000033FF0033CC0033990033660033330033000000FF0000CC000099000066000033EE0000DD0000BB0000AA000088000077000055000044000022000011000000EE0000DD0000BB0000AA000088000077000055000044000022000011000000EE0000DD0000BB0000AA000088000077000055000044000022000011EEEEEEDDDDDDBBBBBBAAAAAA888888777777555555444444222222111111000000573804CA0000000174524E530040E6D866000001A94944415478DA85933D52C24014C7FFDB81D7A0DB07852270094B8214C6A1F00C8E190BC6B18833CE78020B66A818A81C2E60CB47056FBB70026B449BF836242140D400B36C7EBFBC8FCDAEC23F97CAFC0FD359B8032ACB9369883C21CC8F9D2FD49CDB2341F8D8681868F98EF4911071582EBF66AE3036466F393BD017074288F659C487EFF522C9303D126ACE5080BE7B82E71ACC1709526902E1D07D77F63C30F350557B4782CDDF772F81EE6C523FE769CC54DC42A7697B98BBBA329032AE0D536F4FA83952BEE1EE8837806BDBE5E94E104E4D7F59FE266DBBB497615E678513EAFACB7BDB46F430D3E7AA54D886D80A95801CFD0010583EF8A84F80C6222394572D893E12B6296C0A9F726FD2C09EA0AAFAEB1423804912C8806C0A6B94C9F31194BC1B99EAA88CB8CF44502D1180E0157891424B6F848C60CB6C79F0E1A55BC60FE295488436488C54F079B9C27A275883A21CF06C1CE1C811E441D82C3E433861BA273CC2BB22695202D9C5A242FCBA7602C7E989ED6A20B06D084E8AECC8122E89CBC90913BE0D910A5C92C1A6806C7E148103A12668231B8715627E20FC7AB6FF1684FE002A8DCF21922988B90000000049454E44AE426082','large','spring',400,6,28,66);

/*!40000 ALTER TABLE `product` ENABLE KEYS */;
UNLOCK TABLES;


# Dump of table product_supplier
# ------------------------------------------------------------

DROP TABLE IF EXISTS `product_supplier`;

CREATE TABLE `product_supplier` (
  `id` int(11) unsigned NOT NULL AUTO_INCREMENT,
  `product_id` int(11) unsigned NOT NULL,
  `supplier_id` int(11) unsigned NOT NULL,
  PRIMARY KEY (`id`)
) ENGINE=InnoDB DEFAULT CHARSET=utf8;

LOCK TABLES `product_supplier` WRITE;
/*!40000 ALTER TABLE `product_supplier` DISABLE KEYS */;

INSERT INTO `product_supplier` (`id`, `product_id`, `supplier_id`)
VALUES
	(1,1,1),
	(2,2,1),
	(3,3,1),
	(4,4,2),
	(5,5,2),
	(6,6,2);

/*!40000 ALTER TABLE `product_supplier` ENABLE KEYS */;
UNLOCK TABLES;


# Dump of table review
# ------------------------------------------------------------

DROP TABLE IF EXISTS `review`;

CREATE TABLE `review` (
  `id` int(11) unsigned NOT NULL AUTO_INCREMENT,
  `user_id` int(11) unsigned NOT NULL,
  `date_created` datetime NOT NULL DEFAULT CURRENT_TIMESTAMP,
  `date_last_updated` datetime DEFAULT CURRENT_TIMESTAMP,
  `title` varchar(50) NOT NULL DEFAULT '',
  `body` text NOT NULL,
  `rating` tinyint(2) unsigned NOT NULL,
  `product_id` int(11) unsigned NOT NULL,
  PRIMARY KEY (`id`)
) ENGINE=InnoDB DEFAULT CHARSET=utf8;

LOCK TABLES `review` WRITE;
/*!40000 ALTER TABLE `review` DISABLE KEYS */;

INSERT INTO `review` (`id`, `user_id`, `date_created`, `date_last_updated`, `title`, `body`, `rating`, `product_id`)
VALUES
	(1,1,'2015-11-24 15:32:05','2015-11-24 15:32:05','great!','was a really snug fit, would def recommend',5,1),
	(2,2,'2015-11-24 15:42:09','2015-11-24 15:42:09','Nice looking','Just the best',4,3);

/*!40000 ALTER TABLE `review` ENABLE KEYS */;
UNLOCK TABLES;


# Dump of table supplier
# ------------------------------------------------------------

DROP TABLE IF EXISTS `supplier`;

CREATE TABLE `supplier` (
  `id` int(11) unsigned NOT NULL AUTO_INCREMENT,
  `name` varchar(50) NOT NULL,
  `contact_name` varchar(150) NOT NULL,
  `email` varchar(320) NOT NULL,
  `telephone` varchar(12) NOT NULL,
  `website` varchar(320) DEFAULT NULL,
  `date_created` datetime NOT NULL DEFAULT CURRENT_TIMESTAMP,
  `date_last_updated` datetime DEFAULT CURRENT_TIMESTAMP,
  `description` varchar(500) DEFAULT '',
  PRIMARY KEY (`id`)
) ENGINE=InnoDB DEFAULT CHARSET=utf8;

LOCK TABLES `supplier` WRITE;
/*!40000 ALTER TABLE `supplier` DISABLE KEYS */;

INSERT INTO `supplier` (`id`, `name`, `contact_name`, `email`, `telephone`, `website`, `date_created`, `date_last_updated`, `description`)
VALUES
	(1,'sexy pants ltd','Bob Burns','bob@sexypants.com','01963362283','www.sexypants.com','2015-11-24 15:35:18','2015-11-24 15:35:18','purveyors of the sexiest pants for woodland creatures'),
	(2,'forest undergarments','Richard Head','rich@forestundergarments.com','079003908702','www.forestundergarments.org','2015-11-24 15:37:53','2015-11-24 15:37:53','the place to be for forest animal knickers');

/*!40000 ALTER TABLE `supplier` ENABLE KEYS */;
UNLOCK TABLES;


# Dump of table user
# ------------------------------------------------------------

DROP TABLE IF EXISTS `user`;

CREATE TABLE `user` (
  `id` int(11) unsigned NOT NULL AUTO_INCREMENT,
  `username` varchar(50) NOT NULL,
  `salt` char(40) NOT NULL,
  `password` char(40) NOT NULL,
  `first_name` varchar(50) NOT NULL,
  `last_name` varchar(50) NOT NULL,
  `email` varchar(320) NOT NULL DEFAULT '',
  `telephone` varchar(12) DEFAULT NULL,
  `mobile` varchar(12) DEFAULT NULL,
  `date_created` datetime NOT NULL DEFAULT CURRENT_TIMESTAMP,
  `date_last_updated` datetime DEFAULT CURRENT_TIMESTAMP,
  `email_verified` tinyint(1) unsigned NOT NULL DEFAULT '0',
  PRIMARY KEY (`id`)
) ENGINE=InnoDB DEFAULT CHARSET=utf8;

LOCK TABLES `user` WRITE;
/*!40000 ALTER TABLE `user` DISABLE KEYS */;

INSERT INTO `user` (`id`, `username`, `salt`, `password`, `first_name`, `last_name`, `email`, `telephone`, `mobile`, `date_created`, `date_last_updated`, `email_verified`)
VALUES
	(1,'buyer','','password','Jelly','Baby','jellybaby@mayden.co.uk','07944637828','07944637828','2015-11-24 15:42:53','2015-11-24 15:42:53',1),
	(2,'squirrel_lover86','','password','Mary','Scary','scarymary@hotmail.com','02088786681','07900367562','2015-11-24 15:44:21','2015-11-24 15:44:21',1),
	(3,'testyyy','','slksjdlkf','test','driven','sfds@kd.com',NULL,'097002456646','2015-11-25 08:35:03','2015-11-25 08:35:03',0),
	(4,'mrtesty','','testycalls','testcity','sillybilly','dsfd@dfssd.com',NULL,'0497907','2015-11-25 10:02:30','2015-11-25 10:02:30',0);

/*!40000 ALTER TABLE `user` ENABLE KEYS */;
UNLOCK TABLES;



/*!40111 SET SQL_NOTES=@OLD_SQL_NOTES */;
/*!40101 SET SQL_MODE=@OLD_SQL_MODE */;
/*!40014 SET FOREIGN_KEY_CHECKS=@OLD_FOREIGN_KEY_CHECKS */;
/*!40101 SET CHARACTER_SET_CLIENT=@OLD_CHARACTER_SET_CLIENT */;
/*!40101 SET CHARACTER_SET_RESULTS=@OLD_CHARACTER_SET_RESULTS */;
/*!40101 SET COLLATION_CONNECTION=@OLD_COLLATION_CONNECTION */;
